GenBank Assembly ID (Accession.version),GenBank release ID,RefSeq Assembly ID (Accession.version),RefSeq release ID,UIDs,Accession #,Organism,Genus,Species,Strain,environment,Storage/Collection,Regional Loaction,geographic feature,Environment Detail,Tempurature,Lat/Long,Collection date,NCBI taxonomy browser,Primary Source,Other source,,
GCA_000020025.1,20828,GCF_000020025.1,41068,41068,ASM2002v1,Nostoc punctiforme PCC 73102,Nostoc,punctiforme,PCC 73102,,ATCC 29133,,,obligate symbiont of cycad Macrozamia sp. Can be intracellular or extra cellular. Wide range of symbiotic relationships.,,,ATCC strain. In lab for a very long time.,https://www.ncbi.nlm.nih.gov/Taxonomy/Browser/wwwtax.cgi?mode=Info&id=63737&lvl=3&lin=f&keep=1&srchmode=1&unlock,https://www.ncbi.nlm.nih.gov/pmc/articles/PMC5913679/#msy029-B51,,,
GCA_000317105.1,502948,GCF_000317105.1,517158,517158,ASM31710v1,Oscillatoria acuminata PCC 6304,Oscillatoria,acuminata,PCC 6304,,JGI,,,,,,,https://www.ncbi.nlm.nih.gov/Taxonomy/Browser/wwwtax.cgi?mode=Info&id=56110&lvl=3&lin=f&keep=1&srchmode=1&unlock,https://www.pnas.org/content/110/3/1053.long,,,
GCA_000317475.1,503858,GCF_000317475.1,504038,504038,ASM31747v1,Oscillatoria nigro-viridis PCC 7112,Oscillatoria,nigro-viridis,,,,,,"soil, orchid house, sanfransisco",,,1970,https://www.ncbi.nlm.nih.gov/Taxonomy/Browser/wwwtax.cgi?mode=Info&id=179408&lvl=3&lin=f&keep=1&srchmode=1&unlock,https://www.pnas.org/content/110/3/1053.long,,,
GCA_000018105.1,18908,GCF_000018105.1,39208,39208,ASM1810v1,Acaryochloris marina MBIC11017,Acaryochloris,marina,MBIC11017,,,,,,,,,https://www.ncbi.nlm.nih.gov/Taxonomy/Browser/wwwtax.cgi?mode=Info&id=329726&lvl=3&lin=f&keep=1&srchmode=1&unlock,https://jb.asm.org/content/198/9/1393.long,https://www.pnas.org/content/105/6/2005.long,,
GCA_012516315.1,18912528,GCF_012516315.1,22712578,22712578,ASM1251631v1,Limnospira fusiformis SAG 85.79,Limnospira,fusiformis,SAG 85.79,,,"Chad, Natron Lake",Lake,,,,,https://www.ncbi.nlm.nih.gov/Taxonomy/Browser/wwwtax.cgi?mode=Info&id=1521533&lvl=3&lin=f&keep=1&srchmode=1&unlock,https://img.jgi.doe.gov/cgi-bin/m/main.cgi?section=TaxonDetail&page=taxonDetail&taxon_oid=2883428434,,,
GCA_000317125.1,502968,GCF_000317125.1,517138,517138,ASM31712v1,Chroococcidiopsis thermalis PCC 7203,Chroococcidiopsis,thermalis,PCC 7203,,,,,"Soil sample, near Greifswald, East Germany",,,,https://www.ncbi.nlm.nih.gov/Taxonomy/Browser/wwwtax.cgi?mode=Info&id=251229&lvl=3&lin=f&keep=1&srchmode=1&unlock,https://www.pnas.org/content/110/3/1053.long,,,
GCA_000147335.1,169988,GCF_000147335.1,274958,274958,ASM14733v1,Gloeothece verrucosa PCC 7822,Gloeothece,verrucosa,PCC 7822,,,"Rice fields of Central Rice Research Institute, Cuttack, Orissa, India",soil,"Soil of rice fields, tropical biome",,,,https://www.ncbi.nlm.nih.gov/Taxonomy/Browser/wwwtax.cgi?mode=Info&id=497965&lvl=3&lin=f&keep=1&srchmode=1&unlock,https://onlinelibrary.wiley.com/doi/full/10.1111/jpy.12853,,,
GCA_000021825.1,22628,GCF_000021825.1,42828,42828,ASM2182v1,Gloeothece citriformis PCC 7424,Gloeothece,citriformis,PCC 7424,,,"Senegal, Africa",soil,"Soil of a rice field, tropical biome",,,,https://www.ncbi.nlm.nih.gov/Taxonomy/Browser/wwwtax.cgi?mode=Info&id=65393&lvl=3&lin=f&keep=1&srchmode=1&unlock,https://onlinelibrary.wiley.com/doi/full/10.1111/jpy.12853,,,
GCA_000317575.1,503958,GCF_000317575.1,521658,521658,ASM31757v1,Stanieria cyanosphaera PCC 7437,Stanieria,cyanosphaera,PCC 7437,,,,,,,,,https://www.ncbi.nlm.nih.gov/Taxonomy/Browser/wwwtax.cgi?mode=Info&id=111780&lvl=3&lin=f&keep=1&srchmode=1&unlock,https://www.pnas.org/content/110/3/1053.long,,,
GCA_000017845.1,18648,GCF_000017845.1,38948,38948,ASM1784v1,Crocosphaera subtropica ATCC 51142,Crocosphaera,subtropica,ATCC 51142,,ATCC 51142,"Intertidal area, sea water, Texas, USA","Intertidal area, sea water","Subtropical ocean, intertidal area",,,,https://www.ncbi.nlm.nih.gov/Taxonomy/Browser/wwwtax.cgi?mode=Info&id=43989&lvl=3&lin=f&keep=1&srchmode=1&unlock,https://onlinelibrary.wiley.com/doi/full/10.1111/jpy.12853,,,
GCA_000484535.1,832268,GCF_000484535.1,845908,845908,ASM48453v1,Gloeobacter kilaueensis JS1,Gloeobacter,kilaueensis,JS1,x_hot,,"Kīlauea Caldera, Hawai'i",Lava Cave,tropical,30-40 C,,,https://www.ncbi.nlm.nih.gov/Taxonomy/Browser/wwwtax.cgi?mode=Info&id=1183438&lvl=3&lin=f&keep=1&srchmode=1&unlock,https://journals.plos.org/plosone/article?id=10.1371/journal.pone.0076376,,,
GCA_000011385.1,12188,GCF_000011385.1,32548,32548,ASM1138v1,Gloeobacter violaceus PCC 7421,Gloeobacter,violaceus,PCC 7421,,Pasteur Culture Collection,Switzerland,calcareous rock,,,,,https://www.ncbi.nlm.nih.gov/Taxonomy/Browser/wwwtax.cgi?mode=Info&id=251221&lvl=3&lin=f&keep=1&srchmode=1&unlock,https://academic.oup.com/dnaresearch/article/10/4/137/415978,,,
GCA_000317675.1,504408,GCF_000317675.1,504498,504498,ASM31767v1,Cyanobacterium aponinum PCC 10605,Cyanobacterium,aponinum,PCC 10605,,JGI - Cheryl A. Kerfeld,,,"Biofilm on maturation mud tank, Garden Hotel of Montegrotto Terme (Euganean Thermal Springs), Padua, Italy",,,,https://www.ncbi.nlm.nih.gov/Taxonomy/Browser/wwwtax.cgi?mode=Info&id=755178&lvl=3&lin=f&keep=1&srchmode=1&unlock,https://www.pnas.org/content/110/3/1053.long,,,
GCA_000317615.1,504348,GCF_000317615.1,504558,504558,ASM31761v1,Dactylococcopsis salina PCC 8305,Dactylococcopsis,salina,PCC 8305,,JGI - Cheryl A. Kerfeld,,,"Solar Lake, Gulf of Elat, Israel",,,,https://www.ncbi.nlm.nih.gov/Taxonomy/Browser/wwwtax.cgi?mode=Info&id=13035&lvl=3&lin=f&keep=1&srchmode=1&unlock,https://www.pnas.org/content/110/3/1053.long,,,
GCA_000316515.1,502408,GCF_000316515.1,502748,502748,ASM31651v1,Cyanobium gracile PCC 6307,Cyanobium,gracile,PCC 6307,,JGI - Cheryl A. Kerfeld,,,"Lake water, Wisconsin, U.S.A.",,,,https://www.ncbi.nlm.nih.gov/Taxonomy/Browser/wwwtax.cgi?mode=Info&id=292564&lvl=3&lin=f&keep=1&srchmode=1&unlock,https://www.pnas.org/content/110/3/1053.long,,,
GCA_002754935.1,5620668,GCF_002754935.1,5631798,5631798,ASM275493v1,Synechococcus lividus PCC 6715,Synechococcus,lividus,PCC 6307,x_hot,,Yellowstone National Park,hot spring water,hot spring water,,44.36 N 110.3 W,,https://www.ncbi.nlm.nih.gov/Taxonomy/Browser/wwwtax.cgi?mode=Info&id=1917166&lvl=3&lin=f&keep=1&srchmode=1&unlock,https://biocyc.org/organism-summary?object=GCF_002754935,,,
GCA_000007925.1,8728,GCF_000007925.1,29508,29508,ASM792v1,Prochlorococcus marinus subsp. marinus str. CCMP1375,Prochlorococcus,marinus subsp. marinus,CCMP1375,,,,,"low light, ocean, lower part of the water column, mostly tropical and temperate oceans",,,,https://www.ncbi.nlm.nih.gov/Taxonomy/Browser/wwwtax.cgi?mode=Info&id=167539&lvl=3&lin=f&keep=1&srchmode=1&unlock,https://www.pnas.org/content/100/17/10020.long,,,
GCA_001767235.1,3523228,GCF_001767235.1,3549068,3549068,ASM176723v1,Moorea producens PAL-8-15-08-1,,,,,,Pacific Ocean Palmyra Atoll,Palmyra Atoll,"shallow tropical waters, normally from coral reef substrate",,,,https://www.ncbi.nlm.nih.gov/Taxonomy/Browser/wwwtax.cgi?mode=Info&id=1458985&lvl=3&lin=f&keep=1&srchmode=1&unlock,https://biocyc.org/organism-summary?object=GCF_001767235,,,
GCA_002813575.1,5715568,GCF_002813575.1,5734838,5734838,ASM281357v1,Nostoc flagelliforme CCNUN1,,,,,,China Sunitezuoqi,desert soil,desert soil,,,,https://www.ncbi.nlm.nih.gov/Taxonomy/Browser/wwwtax.cgi?mode=Info&id=2038116&lvl=3&lin=f&keep=1&srchmode=1&unlock,https://biocyc.org/organism-summary?object=GCF_002813575,,,
GCA_000014265.1,15068,GCF_000014265.1,35368,35368,ASM1426v1,Trichodesmium erythraeum IMS101,,,,,,north atlantic subtropical gyre,ocean,tropical/subtropical oceans,,,,https://www.ncbi.nlm.nih.gov/Taxonomy/Browser/wwwtax.cgi?mode=Info&id=203124&lvl=3&lin=f&keep=1&srchmode=1&unlock,https://www.pnas.org/content/112/14/4251.long,,,
GCA_000317435.1,503818,GCF_000317435.1,504058,504058,ASM31743v1,Calothrix sp. PCC 6303,,,,,JGI - Cheryl A. Kerfeld,,,"Lake water, Wisconsin, U.S.A.",,,,https://www.ncbi.nlm.nih.gov/Taxonomy/Browser/wwwtax.cgi?mode=Info&id=1170562&lvl=3&lin=f&keep=1&srchmode=1&unlock,https://www.pnas.org/content/110/3/1053.long,,,
GCA_003443655.1,7269518,GCF_003443655.1,7353918,7353918,ASM344365v1,Nostoc sphaeroides,,,,,,Enshi China,,freshwater/terestrial,,,,https://www.ncbi.nlm.nih.gov/Taxonomy/Browser/wwwtax.cgi?mode=Info&id=446679&lvl=3&lin=f&keep=1&srchmode=1&unlock,https://biocyc.org/organism-summary?object=GCF_003443655,https://www.algaebase.org/search/species/detail/?tc=accept&species_id=o3d6281df4058b11f,https://img.algaebase.org/pdf/AC11010A02dc21D98DOto1160BEC/16287.pdf,
GCA_009856605.1,15775068,GCF_009856605.1,15830298,15830298,ASM985660v1,Trichormus variabilis 0441,,,,x_hot,,Arshan Russia,thermal spring,thermal spring,,,,https://www.ncbi.nlm.nih.gov/Taxonomy/Browser/wwwtax.cgi?mode=Info&id=375899&lvl=3&lin=f&keep=1&srchmode=1&unlock,https://biocyc.org/organism-summary?object=GCF_009856605,,,
GCA_002368255.1,5101248,GCF_002368255.1,5142098,5142098,ASM236825v1,Leptolyngbya boryana NIES-2135,,,,,,,,,,,,https://www.ncbi.nlm.nih.gov/Taxonomy/Browser/wwwtax.cgi?mode=Info&id=1973484&lvl=3&lin=f&keep=1&srchmode=1&unlock,https://img.jgi.doe.gov/cgi-bin/m/main.cgi?section=TaxonDetail&page=taxonDetail&taxon_oid=2811995071,,,
GCA_001264245.1,2204848,GCF_001264245.1,2241818,2241818,ASM126424v1,Microcystis panniformis FACHB-1757,,,,,,"lake Taihu, China, Wuxi",freshwater lake,freshwater lake,,31.421 N 120.201 E,,https://www.ncbi.nlm.nih.gov/Taxonomy/Browser/wwwtax.cgi?mode=Info&id=1638788&lvl=3&lin=f&keep=1&srchmode=1&unlock,https://biocyc.org/organism-summary?object=GCF_001264245,,,
GCA_002075285.3,9996888,GCF_002075285.3,10140628,10140628,ASM207528v3,Halomicronema hongdechloris C2206,,,,,,,,"Stomatolites grown in far red light (720nm) marine biome, bay, stomatolite mat, marine",,,,https://www.ncbi.nlm.nih.gov/Taxonomy/Browser/wwwtax.cgi?mode=Info&id=1641165&lvl=3&lin=f&keep=1&srchmode=1&unlock,https://biocyc.org/organism-summary?object=GCF_002075285,,,
GCA_000196515.1,257338,GCF_000196515.1,264938,264938,ASM19651v1,Nostoc azollae' 0708,,,,,JGI - Cheryl A. Kerfeld,,"freshwater, water fern Azolla commonly known as duckweed","free living, mesophile, freshwater",,,,https://www.ncbi.nlm.nih.gov/Taxonomy/Browser/wwwtax.cgi?mode=Info&id=551115&lvl=3&lin=f&keep=1&srchmode=1&unlock,https://journals.plos.org/plosone/article?id=10.1371/journal.pone.0011486,https://biocyc.org/organism-summary?object=GCF_000196515,,
GCA_000317495.1,503878,GCF_000317495.1,504078,504078,ASM31749v1,Crinalium epipsammum PCC 9333,,,,,,,,"Sandy crust, the Netherlands",,,,https://www.ncbi.nlm.nih.gov/Taxonomy/Browser/wwwtax.cgi?mode=Info&id=1173022&lvl=3&lin=f&keep=1&srchmode=1&unlock,https://www.pnas.org/content/110/3/1053.long,https://biocyc.org/organism-summary?object=GCF_000317495,,
GCA_012516395.1,18913508,GCF_012516395.1,18962918,18962918,ASM1251639v1,Dolichospermum flos-aquae CCAP 1403/13F,,,,,,,freshwater,freshwater,,,,https://www.ncbi.nlm.nih.gov/Taxonomy/Browser/wwwtax.cgi?mode=Info&id=315271&lvl=3&lin=f&keep=1&srchmode=1&unlock,https://img.jgi.doe.gov/cgi-bin/m/main.cgi?section=TaxonDetail&page=taxonDetail&taxon_oid=2883453639,,,
GCA_010196425.1,16294298,GCF_010196425.1,16414098,16414098,ASM1019642v1,Microcystis aeruginosa NIES-298,,,,,Microbial Culture Collection at the National Institute for Environmental Studies,"Lake Kasumigaura, Japan",freshwater,freshwater,,,,https://www.ncbi.nlm.nih.gov/Taxonomy/Browser/wwwtax.cgi?mode=Info&id=449468&lvl=3&lin=f&keep=1&srchmode=1&unlock,https://mra.asm.org/content/6/5/e01551-17.abstract,,,
GCA_000317025.1,502868,GCF_000317025.1,517118,517118,ASM31702v1,Pleurocapsa sp. PCC 7327,,,,,JGI - Cheryl A. Kerfeld,"spring water (Hunter's hot spring), USA, Oregon",,freshwater,,,,https://www.ncbi.nlm.nih.gov/Taxonomy/Browser/wwwtax.cgi?mode=Info&id=118163&lvl=3&lin=f&keep=1&srchmode=1&unlock,https://www.pnas.org/content/110/3/1053.long,https://biocyc.org/organism-summary?object=GCF_000317025,,
GCA_000024045.1,24848,GCF_000024045.1,44668,44668,ASM2404v1,Rippkaea orientalis PCC 8802,,,,,,,rice fields?,,,,,https://www.ncbi.nlm.nih.gov/Taxonomy/Browser/wwwtax.cgi?mode=Info&id=395962&lvl=3&lin=f&keep=1&srchmode=1&unlock,https://www.microbiologyresearch.org/content/journal/micro/10.1099/00221287-134-12-3089,,,
GCA_007904085.1,13095088,GCF_007904085.1,13184128,13184128,ASM790408v1,Euhalothece natronophila Z-M001,Euhalothece,natronophila,Z-M001,,,"Kenya, east afican rift valley, Lake Magadi",alkaline lake,"alkaline, soda",,,,https://www.ncbi.nlm.nih.gov/Taxonomy/Browser/wwwtax.cgi?mode=Info&id=522448&lvl=3&lin=f&keep=1&srchmode=1&unlock,https://link.springer.com/article/10.1134/S0026261708060106,https://biocyc.org/organism-summary?object=GCF_007904085,,
GCA_000012525.1,13328,GCF_000012525.1,33628,33628,ASM1252v1,Synechococcus elongatus PCC 7942 = FACHB-805,,,,,,california,,"freshwater lake, 1968",,,,https://www.ncbi.nlm.nih.gov/Taxonomy/Browser/wwwtax.cgi?mode=Info&id=1140&lvl=3&lin=f&keep=1&srchmode=1&unlock,https://pubmed.ncbi.nlm.nih.gov/17205801/,https://gold.jgi.doe.gov/organism?id=Go0000422,https://biocyc.org/organism-summary?object=SYNEL,
GCA_000011345.1,12148,GCF_000011345.1,32508,32508,ASM1134v1,Thermosynechococcus elongatus BP-1,Thermosynechococcus,elongatus,BP-1,,,,,,,,,https://www.ncbi.nlm.nih.gov/Taxonomy/Browser/wwwtax.cgi?mode=Info&id=197221&lvl=3&lin=f&keep=1&srchmode=1&unlock,https://academic.oup.com/dnaresearch/article/9/4/123/449909,https://biocyc.org/organism-summary?object=GCF_000011345,,
GCA_003990665.2,8177538,GCF_003990665.1,8192028,8192028,ASM399066v2,Thermosynechococcus vulcanus NIES-2134,Thermosynechococcus,vulcanus,NIES-2134,x_hot,,Japan Wakayama,Yunomine Hot Spring,hot spring,,,,https://www.ncbi.nlm.nih.gov/Taxonomy/Browser/wwwtax.cgi?mode=Info&id=2005468&lvl=3&lin=f&keep=1&srchmode=1&unlock,https://biocyc.org/organism-summary?object=GCF_003990665,,,
GCA_000317695.1,504428,GCF_000317695.1,526938,526938,ASM31769v1,Anabaena cylindrica PCC 7122,Anabaena,cylindrica,PCC 7122,,JGI - Cheryl A. Kerfeld,"Cambridge, UK",pond,freshwater pond,,52.202 N 0.131 E,sampled 1939,https://www.ncbi.nlm.nih.gov/Taxonomy/Browser/wwwtax.cgi?mode=Info&id=272123&lvl=3&lin=f&keep=1&srchmode=1&unlock,https://www.pnas.org/content/110/3/1053.long,,,
GCA_000010625.1,11428,GCF_000010625.1,32108,32108,ASM1062v1,Microcystis aeruginosa NIES-843,Microcystis,aeruginosa,NIES-843,,,"Japan from Otsuka, Shigeto",Lake Kasumigaura Ibaraki,"freshwater, lentic",,"36.040278, 140.394167",,https://www.ncbi.nlm.nih.gov/Taxonomy/Browser/wwwtax.cgi?mode=Info&id=449447&lvl=3&lin=f&keep=1&srchmode=1&unlock,https://academic.oup.com/dnaresearch/article/14/6/247/350732,https://gold.jgi.doe.gov/organism?id=Go0003491,,
GCA_003609755.1,7517478,N/A,N/A,2004221,ASM360975v1,Planktothrix agardhii NIES-204,Planktothrix,agardhii,NIES-204,,,"Japan: Ibaraki, Lake Kasumigaura",lake,freshwater lake,,,,https://www.ncbi.nlm.nih.gov/Taxonomy/Browser/wwwtax.cgi?mode=Info&id=282423&lvl=3&lin=f&keep=1&srchmode=1&unlock,https://img.jgi.doe.gov/cgi-bin/m/main.cgi?section=TaxonDetail&page=taxonDetail&taxon_oid=2833584432,,,
GCA_000021805.1,22608,GCF_000021805.1,42808,42808,ASM2180v1,Rippkaea orientalis PCC 8801,,,,,,india and Taiwan,rice fields,"terrestrial, aquatic?",,,,https://www.ncbi.nlm.nih.gov/Taxonomy/Browser/wwwtax.cgi?mode=Info&id=41431&lvl=3&lin=f&keep=1&srchmode=1&unlock,https://gold.jgi.doe.gov/organism?id=Go0001254,,,
GCA_000010065.1,10868,GCF_000010065.1,31568,31568,ASM1006v1,Synechococcus elongatus PCC 6301,,,,,,"Waller Creek, Austin, Texas",creek,Freshwater,,"30.27, -97.74",,https://www.ncbi.nlm.nih.gov/Taxonomy/Browser/wwwtax.cgi?mode=Info&id=269084&lvl=3&lin=f&keep=1&srchmode=1&unlock,https://link.springer.com/article/10.1007%2Fs11120-006-9122-4,https://gold.jgi.doe.gov/organism?id=Go0000513,,
GCA_002368455.1,5101448,GCF_002368455.1,5142038,5142038,ASM236845v1,Calothrix sp. NIES-4071,,,,,,japan,,,,,,https://www.ncbi.nlm.nih.gov/Taxonomy/Browser/wwwtax.cgi?mode=Info&id=2005469&lvl=3&lin=f&keep=1&srchmode=1&unlock,https://img.jgi.doe.gov/cgi-bin/m/main.cgi?section=TaxonDetail&page=taxonDetail&taxon_oid=2775506877,,,
GCA_000316665.1,502568,GCF_000316665.1,502728,502728,ASM31666v1,Rivularia sp. PCC 7116,,,,,,USA,,marine,,,1968,https://www.ncbi.nlm.nih.gov/Taxonomy/Browser/wwwtax.cgi?mode=Info&id=373994&lvl=3&lin=f&keep=1&srchmode=1&unlock,https://www.pnas.org/content/110/3/1053.long,https://biocyc.org/organism-summary?object=RSP373994,,
GCA_002368175.1,5101168,GCF_002368175.1,5140298,5140298,ASM236817v1,Calothrix sp. NIES-2098,,,,,,,,,,,,https://www.ncbi.nlm.nih.gov/Taxonomy/Browser/wwwtax.cgi?mode=Info&id=1954171&lvl=3&lin=f&keep=1&srchmode=1&unlock,https://img.jgi.doe.gov/cgi-bin/m/main.cgi?section=TaxonDetail&page=taxonDetail&taxon_oid=2775506880,,,
GCA_011769525.1,18135508,GCF_011769525.1,18476798,18476798,ASM1176952v1,Tolypothrix sp. PCC 7910,,,,,,senegal,,,,,,https://www.ncbi.nlm.nih.gov/Taxonomy/Browser/wwwtax.cgi?mode=Info&id=2099387&lvl=3&lin=f&keep=1&srchmode=1&unlock,https://img.jgi.doe.gov/cgi-bin/m/main.cgi?section=TaxonDetail&page=taxonDetail&taxon_oid=2883284429,,,
GCA_002949735.1,6094108,GCF_002949735.1,6160668,6160668,ASM294973v1,Nostoc sp. 'Peltigera membranacea cyanobiont' N6,,,,,,"Iceland Keldur, Reykjavik",Peltigera membranacea thallus,,,,,https://www.ncbi.nlm.nih.gov/Taxonomy/Browser/wwwtax.cgi?mode=Info&id=1261031&lvl=3&lin=f&keep=1&srchmode=1&unlock,https://bmcgenomics.biomedcentral.com/articles/10.1186/s12864-018-4743-5,https://gold.jgi.doe.gov/organism?id=Go0414715,,
GCA_013343235.1,20075488,GCF_013343235.1,20082188,20082188,ASM1334323v1,Nostoc sp. TCL240-02,,,,,,"Panamá, Río Guayabo, El Valle de Antón.",,,,,,https://www.ncbi.nlm.nih.gov/Taxonomy/Browser/wwwtax.cgi?mode=Info&id=2572090&lvl=3&lin=f&keep=1&srchmode=1&unlock,https://academic.oup.com/gbe/article/11/7/1959/5523852,,,
GCA_013393905.1,20287148,GCF_013393905.1,20301248,20301248,ASM1339390v1,Nostoc sp. C052,,,,,,"USA, New York, Adirondacks",,,,,,https://www.ncbi.nlm.nih.gov/Taxonomy/Browser/wwwtax.cgi?mode=Info&id=2576902&lvl=3&lin=f&keep=1&srchmode=1&unlock,https://academic.oup.com/gbe/article/11/7/1959/5523852,,,
GCA_014023275.1,21292638,GCF_014023275.1,21487898,21487898,ASM1402327v1,Nostoc edaphicum CCNP1411,,,,,,,,,,,,https://www.ncbi.nlm.nih.gov/Taxonomy/Browser/wwwtax.cgi?mode=Info&id=1472755&lvl=3&lin=f&keep=1&srchmode=1&unlock,,,,
GCA_013393925.1,20287168,GCF_013393925.1,20301288,20301288,ASM1339392v1,Nostoc sp. C057,,,,,,"USA, California, Mendocino Co.",,,,,,https://www.ncbi.nlm.nih.gov/Taxonomy/Browser/wwwtax.cgi?mode=Info&id=2576903&lvl=3&lin=f&keep=1&srchmode=1&unlock,https://academic.oup.com/gbe/article/11/7/1959/5523852,,,
GCA_000317515.1,503898,GCF_000317515.1,504098,504098,ASM31751v1,Microcoleus sp. PCC 7113,,,,,JGI - Cheryl A. Kerfeld,"orchid house, San Francisco, USA",soil,soil,,37.774 N 122.419 E,1971,https://www.ncbi.nlm.nih.gov/Taxonomy/Browser/wwwtax.cgi?mode=Info&id=1173027&lvl=3&lin=f&keep=1&srchmode=1&unlock,https://www.pnas.org/content/110/3/1053.long,https://biocyc.org/organism-summary?object=MSP1173027,https://gold.jgi.doe.gov/organism?id=Go0006636,
GCA_009873495.1,15793538,GCF_009873495.1,15836168,15836168,ASM987349v1,Nostoc sp. ATCC 53789,,,,,,,,,,,,https://www.ncbi.nlm.nih.gov/Taxonomy/Browser/wwwtax.cgi?mode=Info&id=76335&lvl=3&lin=f&keep=1&srchmode=1&unlock,https://img.jgi.doe.gov/cgi-bin/m/main.cgi?section=TaxonDetail&page=taxonDetail&taxon_oid=2845919818,https://img.jgi.doe.gov/cgi-bin/m/main.cgi?section=TaxonDetail&page=taxonDetail&taxon_oid=651717004,https://img.jgi.doe.gov/cgi-bin/m/main.cgi?section=TaxonDetail&page=taxonDetail&taxon_oid=651716838,
GCA_004296455.1,8645828,N/A,N/A,2318131,ASM429645v1,Calothrix sp. NIES-4101,,not in external genomes list,,,,,,,,,,https://www.ncbi.nlm.nih.gov/Taxonomy/Browser/wwwtax.cgi?mode=Info&id=2005461&lvl=3&lin=f&keep=1&srchmode=1&unlock,https://img.jgi.doe.gov/cgi-bin/m/main.cgi?section=TaxonDetail&page=taxonDetail&taxon_oid=2775506878,,,
GCA_002949795.1,6094228,GCF_002949795.1,6160708,6160708,ASM294979v1,Nostoc sp. 'Lobaria pulmonaria (5183) cyanobiont',,,,,,,,,,,,https://www.ncbi.nlm.nih.gov/Taxonomy/Browser/wwwtax.cgi?mode=Info&id=1618022&lvl=3&lin=f&keep=1&srchmode=1&unlock,https://bmcgenomics.biomedcentral.com/articles/10.1186/s12864-018-4743-5,https://gold.jgi.doe.gov/organism?id=Go0114319,,
GCA_000316575.1,502468,GCF_000316575.1,502808,502808,ASM31657v1,Calothrix sp. PCC 7507,,,,,,"Sphagum bog, near Kastanienbaum, Vierwaldstättersee, Switzerland",,,,,,https://www.ncbi.nlm.nih.gov/Taxonomy/Browser/wwwtax.cgi?mode=Info&id=99598&lvl=3&lin=f&keep=1&srchmode=1&unlock,https://www.pnas.org/content/110/3/1053.long,https://biocyc.org/organism-summary?object=CSP99598,,
GCA_009498015.1,15005058,GCF_009498015.1,15109978,15109978,ASM949801v1,Anabaena sp. YBS01,,,,,,india,soil,"soil, terrestrial",,,,https://www.ncbi.nlm.nih.gov/Taxonomy/Browser/wwwtax.cgi?mode=Info&id=2490939&lvl=3&lin=f&keep=1&srchmode=1&unlock,https://img.jgi.doe.gov/cgi-bin/m/main.cgi?section=TaxonDetail&page=taxonDetail&taxon_oid=2883409860,,,
GCA_002896875.1,5928058,GCF_002896875.1,5933468,5933468,ASM289687v1,Nostoc sp. CENA543,,,,,,brazil,,,,,,https://www.ncbi.nlm.nih.gov/Taxonomy/Browser/wwwtax.cgi?mode=Info&id=1869241&lvl=3&lin=f&keep=1&srchmode=1&unlock,,,,
GCA_013393945.1,20287188,GCF_013393945.1,20301068,20301068,ASM1339394v1,Nostoc sp. TCL26-01,,,,,,"Panamá, Río Guayabo, El Valle de Antón",,,,,,https://www.ncbi.nlm.nih.gov/Taxonomy/Browser/wwwtax.cgi?mode=Info&id=2576904&lvl=3&lin=f&keep=1&srchmode=1&unlock,https://academic.oup.com/gbe/article/11/7/1959/5523852,,,
GCA_000316645.1,502548,GCF_000316645.1,502768,502768,ASM31664v1,Nostoc sp. PCC 7524,,,,x_hot,,"Sri Lanka, Amparai District, Maha Oya",,moderate hot spring,,7.528 N 81.357 E,1973,https://www.ncbi.nlm.nih.gov/Taxonomy/Browser/wwwtax.cgi?mode=Info&id=28072&lvl=3&lin=f&keep=1&srchmode=1&unlock,https://www.pnas.org/content/110/3/1053.long,https://biocyc.org/organism-summary?object=GCF_000316645,https://gold.jgi.doe.gov/organism?id=Go0005967,
GCA_003990705.1,8177658,N/A,N/A,2192891,ASM399070v1,Nostoc sp. HK-01,,not in external genomes list,,,,japan,,,,"35, 134.5",,https://www.ncbi.nlm.nih.gov/Taxonomy/Browser/wwwtax.cgi?mode=Info&id=196308&lvl=3&lin=f&keep=1&srchmode=1&unlock,https://img.jgi.doe.gov/cgi-bin/m/main.cgi?section=TaxonDetail&page=taxonDetail&taxon_oid=2837232891,,,
GCA_009372195.1,14846488,GCF_009372195.1,14867588,14867588,ASM937219v1,Nostoc sphaeroides CCNUC1,,,,,,,,,,,,https://www.ncbi.nlm.nih.gov/Taxonomy/Browser/wwwtax.cgi?mode=Info&id=2653204&lvl=3&lin=f&keep=1&srchmode=1&unlock,no other sources listed,,,
GCA_001548375.1,2859898,GCF_001548375.1,3401268,3401268,ASM154837v1,Nostoc sp. NIES-3756,,,,,,"Japan, Chiba, Narashino, Mimomi Park",,soil,,"35.684195, 140.06477",,https://www.ncbi.nlm.nih.gov/Taxonomy/Browser/wwwtax.cgi?mode=Info&id=1751286&lvl=3&lin=f&keep=1&srchmode=1&unlock,https://biocyc.org/organism-summary?object=GCF_001548375,,,
GCA_000009705.1,10508,GCF_000009705.1,31208,31208,ASM970v1,Nostoc sp. PCC 7120 = FACHB-418,,,,,,USA,,freshwater,,,,https://www.ncbi.nlm.nih.gov/Taxonomy/Browser/wwwtax.cgi?mode=Info&id=103690&lvl=3&lin=f&keep=1&srchmode=1&unlock,https://academic.oup.com/dnaresearch/article/8/5/205/418978,https://academic.oup.com/gbe/article/11/1/270/5258472,https://gold.jgi.doe.gov/organism?id=Go0000711,
GCA_000204075.1,266278,GCF_000204075.1,276508,276508,ASM20407v1,Trichormus variabilis ATCC 29413,,,,,,USA,wastewater pond,Freshwater; sewage oxidation pond,,,1964,https://www.ncbi.nlm.nih.gov/Taxonomy/Browser/wwwtax.cgi?mode=Info&id=240292&lvl=3&lin=f&keep=1&srchmode=1&unlock,https://environmentalmicrobiome.biomedcentral.com/articles/10.4056/sigs.3899418,https://gold.jgi.doe.gov/organism?id=Go0000445,,
GCA_012295525.1,18685508,GCF_012295525.1,18946748,18946748,ASM1229552v1,Oxynema sp. AP17,,,,,,,,,,,,https://www.ncbi.nlm.nih.gov/Taxonomy/Browser/wwwtax.cgi?mode=Info&id=2064643&lvl=3&lin=f&keep=1&srchmode=1&unlock,no other sources listed,,,
GCA_000316625.1,502528,GCF_000316625.1,502788,502788,ASM31662v1,Nostoc sp. PCC 7107,,,,,,"USA, piont reyes paninsula.",,freashwater shallow pond,,"38, -123.01",1970,https://www.ncbi.nlm.nih.gov/Taxonomy/Browser/wwwtax.cgi?mode=Info&id=317936&lvl=3&lin=f&keep=1&srchmode=1&unlock,https://www.pnas.org/content/110/3/1053.long,https://biocyc.org/organism-summary?object=NSP317936,,
GCA_000734895.2,1772288,GCF_000734895.2,1772648,1772648,ASM73489v2,Calothrix sp. 336/2,,,,,,Finland,,water,,,,https://www.ncbi.nlm.nih.gov/Taxonomy/Browser/wwwtax.cgi?mode=Info&id=1337936&lvl=3&lin=f&keep=1&srchmode=1&unlock,https://www.ncbi.nlm.nih.gov/pmc/articles/PMC4319584/,https://biocyc.org/organism-summary?object=GCF_000734895,https://gold.jgi.doe.gov/organism?id=Go0011230,
GCA_001548435.1,2859978,GCF_001548435.1,3404928,3404928,ASM154843v1,Leptolyngbya sp. NIES-3755,,,,,,,,,,,,https://www.ncbi.nlm.nih.gov/Taxonomy/Browser/wwwtax.cgi?mode=Info&id=1752064&lvl=3&lin=f&keep=1&srchmode=1&unlock,http://biocyc.org/organism-summary?object=GCF_001548435,https://gold.jgi.doe.gov/organism?id=Go0139450,,
GCA_002142495.1,4479468,GCF_002142495.1,4518068,4518068,ASM214249v1,Leptolyngbya boryana dg5,,,,,,,,,,,,https://www.ncbi.nlm.nih.gov/Taxonomy/Browser/wwwtax.cgi?mode=Info&id=1260963&lvl=3&lin=f&keep=1&srchmode=1&unlock,no other useful sources,,,
GCA_002142475.1,4479448,GCF_002142475.1,4518048,4518048,ASM214247v1,Leptolyngbya boryana IAM M-101,,,,,,,,,,,,https://www.ncbi.nlm.nih.gov/Taxonomy/Browser/wwwtax.cgi?mode=Info&id=411966&lvl=3&lin=f&keep=1&srchmode=1&unlock,,,,
GCA_002368395.1,5101388,GCF_002368395.1,5140598,5140598,ASM236839v1,Calothrix sp. NIES-3974,,,,,,,,,,,,https://www.ncbi.nlm.nih.gov/Taxonomy/Browser/wwwtax.cgi?mode=Info&id=2005462&lvl=3&lin=f&keep=1&srchmode=1&unlock,https://img.jgi.doe.gov/cgi-bin/m/main.cgi?section=TaxonDetail&page=taxonDetail&taxon_oid=2775506881,,,
GCA_003945305.1,8089868,GCF_003945305.1,8104138,8104138,ASM394530v1,Microcystis viridis NIES-102,,,,,,"Japan, Ibaraki",Lake Kasumigaura,lake water,,36.0428 N 140.3732 E,,https://www.ncbi.nlm.nih.gov/Taxonomy/Browser/wwwtax.cgi?mode=Info&id=213615&lvl=3&lin=f&keep=1&srchmode=1&unlock,https://biocyc.org/organism-summary?object=GCF_003945305,https://img.jgi.doe.gov/cgi-bin/m/main.cgi?section=TaxonDetail&page=taxonDetail&taxon_oid=2837177022,,
GCA_001548455.1,2859998,GCF_001548455.1,3138718,3138718,ASM154845v1,Fischerella sp. NIES-3754,,,,,,"Japan, Nagano",Suwa Shrine,rock,,36.075287 N 140.25046 E,,https://www.ncbi.nlm.nih.gov/Taxonomy/Browser/wwwtax.cgi?mode=Info&id=1752063&lvl=3&lin=f&keep=1&srchmode=1&unlock,https://biocyc.org/organism-summary?object=GCF_001548455,https://gold.jgi.doe.gov/organism?id=Go0139451,,
GCA_001277295.1,2304788,GCF_001277295.1,2307408,2307408,ASM127729v1,Anabaena sp. WA102,,,,,,"Washington State, USA",Anderson Lake,,,,,https://www.ncbi.nlm.nih.gov/Taxonomy/Browser/wwwtax.cgi?mode=Info&id=1647413&lvl=3&lin=f&keep=1&srchmode=1&unlock,https://biocyc.org/organism-summary?object=GCF_001277295,https://gold.jgi.doe.gov/organism?id=Go0118624,,
GCA_013177315.1,19716088,GCF_013177315.1,19788558,19788558,ASM1317731v1,Thermoleptolyngbya sp. PKUAC-SCTA183,,,,,,,,,,,,https://www.ncbi.nlm.nih.gov/Taxonomy/Browser/wwwtax.cgi?mode=Info&id=2737172&lvl=3&lin=f&keep=1&srchmode=1&unlock,no other sources listed,,,
GCA_001548395.1,2859938,GCF_001548395.1,3405808,3405808,ASM154839v1,Leptolyngbya sp. O-77,,,,,,Japan,,,,,,https://www.ncbi.nlm.nih.gov/Taxonomy/Browser/wwwtax.cgi?mode=Info&id=1080068&lvl=3&lin=f&keep=1&srchmode=1&unlock,,,,
GCA_009792235.1,15675048,GCF_009792235.1,15727888,15727888,ASM979223v1,Microcystis aeruginosa FD4,,,,,,"USA: Florida, Caloosahatchee River",,freshwater,,,,https://www.ncbi.nlm.nih.gov/Taxonomy/Browser/wwwtax.cgi?mode=Info&id=2686288&lvl=3&lin=f&keep=1&srchmode=1&unlock,https://img.jgi.doe.gov/cgi-bin/m/main.cgi?section=TaxonDetail&page=taxonDetail&taxon_oid=2883435142,,,
GCA_000317555.1,503938,GCF_000317555.1,521638,521638,ASM31755v1,Gloeocapsa sp. PCC 7428,,,,x_hot,JGI - Cheryl A. Kerfeld,,hot spring,freshwater moderate hot spring,,,,https://www.ncbi.nlm.nih.gov/Taxonomy/Browser/wwwtax.cgi?mode=Info&id=1173026&lvl=3&lin=f&keep=1&srchmode=1&unlock,https://biocyc.org/organism-summary?object=GSP1173026,https://img.jgi.doe.gov/cgi-bin/m/main.cgi?section=TaxonDetail&page=taxonDetail&taxon_oid=2503754017,https://www.pnas.org/content/110/3/1053.long,
GCA_008121535.1,13446838,GCF_008121535.1,13571998,13571998,ASM812153v1,Dolichospermum sp. UHCC 0315A,,,,,,,,,,,,https://www.ncbi.nlm.nih.gov/Taxonomy/Browser/wwwtax.cgi?mode=Info&id=1914871&lvl=3&lin=f&keep=1&srchmode=1&unlock,https://img.jgi.doe.gov/cgi-bin/m/main.cgi?section=TaxonDetail&page=taxonDetail&taxon_oid=2883470319,,,
GCA_000022045.1,22848,GCF_000022045.1,43028,43028,ASM2204v1,Cyanothece sp. PCC 7424,,,,,,Sengal,rice fields,terrestrial soil,,,,https://www.ncbi.nlm.nih.gov/Taxonomy/Browser/wwwtax.cgi?mode=Info&id=395961&lvl=3&lin=f&keep=1&srchmode=1&unlock,,,,
GCA_002355455.1,5088328,GCF_002355455.1,5107948,5107948,ASM235545v1,Stanieria sp. NIES-3757,,,,,,"Japan: Chiba, Narashino, Mimomi Park",,soil,,35.6842 N 140.0648 E,,https://www.ncbi.nlm.nih.gov/Taxonomy/Browser/wwwtax.cgi?mode=Info&id=1807358&lvl=3&lin=f&keep=1&srchmode=1&unlock,https://biocyc.org/organism-summary?object=GCF_002355455,https://gold.jgi.doe.gov/organism?id=Go0408787,https://img.jgi.doe.gov/cgi-bin/m/main.cgi?section=TaxonDetail&page=taxonDetail&taxon_oid=2775506853,
GCA_003054475.1,6378308,GCF_003054475.1,6403928,6403928,ASM305447v1,Nodularia spumigena UHCC 0039,,,,,,finland,Gulf of Finland,marine,,,,https://www.ncbi.nlm.nih.gov/Taxonomy/Browser/wwwtax.cgi?mode=Info&id=1914872&lvl=3&lin=f&keep=1&srchmode=1&unlock,https://www.frontiersin.org/articles/10.3389/fmicb.2018.00356/full?utm_source=F-AAE&utm_medium=EMLF&utm_campaign=MRK_568639_51_Microb_20180313_arts_A,https://biocyc.org/organism-summary?object=GCF_003054475,https://gold.jgi.doe.gov/organism?id=Go0452690,
GCA_002095975.1,4382988,GCF_002095975.1,4394668,4394668,ASM209597v1,Microcystis aeruginosa PCC 7806SL,,,,,,netherlands,freshwater,,,,1978,https://www.ncbi.nlm.nih.gov/Taxonomy/Browser/wwwtax.cgi?mode=Info&id=1903187&lvl=3&lin=f&keep=1&srchmode=1&unlock,,,,
GCA_000316605.1,502508,GCF_000316605.1,502828,502828,ASM31660v1,Leptolyngbya sp. PCC 7376,,,,,,,"Sea water, La Jolla, California, U.S.A.",,,,,https://www.ncbi.nlm.nih.gov/Taxonomy/Browser/wwwtax.cgi?mode=Info&id=111781&lvl=3&lin=f&keep=1&srchmode=1&unlock,https://www.pnas.org/content/110/3/1053.long,https://biocyc.org/organism-summary?object=LSP111781,https://gold.jgi.doe.gov/organism?id=Go0004895,
GCA_003019735.1,6293118,GCF_003019735.1,6307238,6307238,ASM301973v1,Microcystis sp. MC19,,,,,,"South Korea: Lake Seo, Suwon, Gyeonggi",freshwater,lake,,"37.276667, 126.990833",,https://www.ncbi.nlm.nih.gov/Taxonomy/Browser/wwwtax.cgi?mode=Info&id=1967666&lvl=3&lin=f&keep=1&srchmode=1&unlock,https://mra.asm.org/content/6/18/e00378-18.abstract,https://gold.jgi.doe.gov/organism?id=Go0452299,https://img.jgi.doe.gov/cgi-bin/m/main.cgi?section=TaxonDetail&page=taxonDetail&taxon_oid=2791355144,
GCA_003967015.1,8125948,GCF_003967015.1,8152658,8152658,ASM396701v1,Pseudanabaena sp. ABRG5-3,,,,,,Japan,Atami Botanical Research Garden,Pond,,,,https://www.ncbi.nlm.nih.gov/Taxonomy/Browser/wwwtax.cgi?mode=Info&id=685565&lvl=3&lin=f&keep=1&srchmode=1&unlock,https://mra.asm.org/content/6/6/e01608-17.abstract,https://biocyc.org/organism-summary?object=GCF_003967015,,
GCA_000317045.1,502888,GCF_000317045.1,517078,517078,ASM31704v1,Geitlerinema sp. PCC 7407,,,,,,,,,,,,https://www.ncbi.nlm.nih.gov/Taxonomy/Browser/wwwtax.cgi?mode=Info&id=1173025&lvl=3&lin=f&keep=1&srchmode=1&unlock,https://www.pnas.org/content/110/3/1053.long,https://gold.jgi.doe.gov/organism?id=Go0005969,,
GCA_000317065.1,502908,GCF_000317065.1,517058,517058,ASM31706v1,Pseudanabaena sp. PCC 7367,,,,,,,"Snail shell, intertidal zone, Arizona Marine Station, Puerto Penasco, Mexico",,,,,https://www.ncbi.nlm.nih.gov/Taxonomy/Browser/wwwtax.cgi?mode=Info&id=82654&lvl=3&lin=f&keep=1&srchmode=1&unlock,https://www.frontiersin.org/articles/10.3389/fmicb.2017.02132/full,https://gold.jgi.doe.gov/organism?id=Go0004823,https://www.pnas.org/content/110/3/1053.long,
GCA_002368355.1,5101348,GCF_002368355.1,5141998,5141998,ASM236835v1,Chondrocystis sp. NIES-4102,,,,,,japan,Mimomi Hongo Park,,,"35.683299, 140.065562",,https://www.ncbi.nlm.nih.gov/Taxonomy/Browser/wwwtax.cgi?mode=Info&id=2005460&lvl=3&lin=f&keep=1&srchmode=1&unlock,,,,
GCA_000312705.1,457118,GCF_000312705.1,457528,457528,ASM31270v1,Anabaena sp. 90,,,,,,finland,Lake Vesijarvi,lake,,"61.525676, 24.134639",,https://www.ncbi.nlm.nih.gov/Taxonomy/Browser/wwwtax.cgi?mode=Info&id=46234&lvl=3&lin=f&keep=1&srchmode=1&unlock,https://jb.asm.org/content/177/20/6021.long,https://biocyc.org/organism-summary?object=ASP46234,,
GCA_000981785.2,5985388,GCF_000981785.2,5994388,5994388,ASM98178v2,Microcystis aeruginosa NIES-2549,,,,,,,,,,,,https://www.ncbi.nlm.nih.gov/Taxonomy/Browser/wwwtax.cgi?mode=Info&id=1641812&lvl=3&lin=f&keep=1&srchmode=1&unlock,https://www.ncbi.nlm.nih.gov/pmc/articles/PMC4447913/,https://gold.jgi.doe.gov/organism?id=Go0115126,https://img.jgi.doe.gov/cgi-bin/m/main.cgi?section=TaxonDetail&page=taxonDetail&taxon_oid=2645727547,
GCA_001704955.2,5985288,GCF_001704955.2,5994348,5994348,ASM170495v2,Microcystis aeruginosa NIES-2481,,,,,,Japan,Lake Kasumigaura,freshwater,,,,https://www.ncbi.nlm.nih.gov/Taxonomy/Browser/wwwtax.cgi?mode=Info&id=1698524&lvl=3&lin=f&keep=1&srchmode=1&unlock,https://gold.jgi.doe.gov/organism?id=Go0363990,https://biocyc.org/organism-summary?object=GCF_001704955,,
GCA_000317635.1,504368,GCF_000317635.1,504538,504538,ASM31763v1,Halothece sp. PCC 7418,,,,,,Israel,"Water, lake, Solar lake,",,,,1972,https://www.ncbi.nlm.nih.gov/Taxonomy/Browser/wwwtax.cgi?mode=Info&id=65093&lvl=3&lin=f&keep=1&srchmode=1&unlock,https://jb.asm.org/content/129/2/623.long,https://biocyc.org/organism-summary?object=GCF_000317635,https://gold.jgi.doe.gov/organism?id=Go0005068,https://www.pnas.org/content/110/3/1053.long
GCA_001548115.1,2859518,GCF_001548115.1,3389878,3389878,Gm3709_assembly_1.0,Geminocystis sp. NIES-3709,,,,,,"boulder CO, Japan also?",,freshwater lake,,35.6845 N 140.064 E,,https://www.ncbi.nlm.nih.gov/Taxonomy/Browser/wwwtax.cgi?mode=Info&id=1617448&lvl=3&lin=f&keep=1&srchmode=1&unlock,https://biocyc.org/organism-summary?object=GCF_001548115,https://gold.jgi.doe.gov/organism?id=Go0137987,,
GCA_014489415.1,22002758,GCF_014489415.1,22004378,22004378,ASM1448941v1,Cylindrospermopsis curvispora GIHE-G1,,,,,,,,,,,,https://www.ncbi.nlm.nih.gov/Taxonomy/Browser/wwwtax.cgi?mode=Info&id=2666332&lvl=3&lin=f&keep=1&srchmode=1&unlock,,,,
GCA_001548095.1,2859478,GCF_001548095.1,3392038,3392038,Gm3709_assembly_1.0,Geminocystis sp. NIES-3708,,,,,,Japan,Mimomi-Hongo Park,fresh water,,35.6845 N 140.064 E,,https://www.ncbi.nlm.nih.gov/Taxonomy/Browser/wwwtax.cgi?mode=Info&id=1615909&lvl=3&lin=f&keep=1&srchmode=1&unlock,https://www.ncbi.nlm.nih.gov/pmc/articles/PMC4424290/,https://biocyc.org/organism-summary?object=GCF_001548095,https://gold.jgi.doe.gov/organism?id=Go0137261,
GCA_015840525.1,23654348,GCF_015840525.1,23748608,23748608,ASM1584052v1,Synechococcus sp. CBW1006,,,,,,,,,,,,https://www.ncbi.nlm.nih.gov/Taxonomy/Browser/wwwtax.cgi?mode=Info&id=1353138&lvl=3&lin=f&keep=1&srchmode=1&unlock,,,,
GCA_015840915.1,23654678,GCF_015840915.1,23752308,23752308,ASM1584091v1,Synechococcus sp. CBW1002,,,,,,,,,,,,https://www.ncbi.nlm.nih.gov/Taxonomy/Browser/wwwtax.cgi?mode=Info&id=1353134&lvl=3&lin=f&keep=1&srchmode=1&unlock,,,,
GCA_000316685.1,502588,GCF_000316685.1,502708,502708,ASM31668v1,Synechococcus sp. PCC 6312,,,,,,"California, USA",,Fresh water,,,1963,https://www.ncbi.nlm.nih.gov/Taxonomy/Browser/wwwtax.cgi?mode=Info&id=195253&lvl=3&lin=f&keep=1&srchmode=1&unlock,https://www.pnas.org/content/110/3/1053.long,https://biocyc.org/organism-summary?object=SSP195253,,
GCA_015840715.1,23654488,GCF_015840715.1,23759508,23759508,ASM1584071v1,Synechococcus sp. CBW1004,,,,,,,,,,,,https://www.ncbi.nlm.nih.gov/Taxonomy/Browser/wwwtax.cgi?mode=Info&id=1353136&lvl=3&lin=f&keep=1&srchmode=1&unlock,,,,
GCA_003015225.1,6288558,GCF_003015225.1,6307178,6307178,ASM301522v1,Synechocystis sp. IPPAS B-1465,,,,,,russia,,,,,,https://www.ncbi.nlm.nih.gov/Taxonomy/Browser/wwwtax.cgi?mode=Info&id=2116702&lvl=3&lin=f&keep=1&srchmode=1&unlock,https://img.jgi.doe.gov/cgi-bin/m/main.cgi?section=TaxonDetail&page=taxonDetail&taxon_oid=2834893250,,,
GCA_000009725.1,10528,GCF_000009725.1,31228,31228,ASM972v1,Synechocystis sp. PCC 6803,,,,,,"Oakland, California, USA",,Freshwater lake,,"37.77, -122.22",1968,https://www.ncbi.nlm.nih.gov/Taxonomy/Browser/wwwtax.cgi?mode=Info&id=1148&lvl=3&lin=f&keep=1&srchmode=1&unlock,https://academic.oup.com/gbe/article/11/1/270/5258472,https://gold.jgi.doe.gov/organism?id=Go0000791,,
GCA_000270265.1,389238,GCF_000270265.1,392298,392298,ASM27026v1,Synechocystis sp. PCC 6803,,,,,,,,,,,,https://www.ncbi.nlm.nih.gov/Taxonomy/Browser/wwwtax.cgi?mode=Info&id=1080230&lvl=3&lin=f&keep=1&srchmode=1&unlock,,,,
GCA_000284455.1,408398,GCF_000284455.1,408418,408418,ASM28445v1,Synechocystis sp. PCC 6803 substr. PCC-P,,,,,,"Oakland, California, USA",,freshwater lake,,"37.77, -122.22",1968,https://www.ncbi.nlm.nih.gov/Taxonomy/Browser/wwwtax.cgi?mode=Info&id=1080230&lvl=3&lin=f&keep=1&srchmode=1&unlock,https://gold.jgi.doe.gov/organism?id=Go0016494,,,
GCA_000284215.1,407958,GCF_000284215.1,407978,407978,ASM28421v1,Synechocystis sp. PCC 6803 substr. PCC-N,,,,,,"Oakland, California, USA",,freshwater lake,,"37.77, -122.22",1968,https://www.ncbi.nlm.nih.gov/Taxonomy/Browser/wwwtax.cgi?mode=Info&id=1080229&lvl=3&lin=f&keep=1&srchmode=1&unlock,,,,
GCA_000284135.1,407798,GCF_000284135.1,407818,407818,ASM28413v1,Synechocystis sp. PCC 6803 substr. GT-I,,,,,,"Oakland, California, USA",,freshwater lake,,"37.77, -122.22",1968,https://www.ncbi.nlm.nih.gov/Taxonomy/Browser/wwwtax.cgi?mode=Info&id=1080228&lvl=3&lin=f&keep=1&srchmode=1&unlock,https://gold.jgi.doe.gov/organism?id=Go0016495,,,
GCA_000340785.1,540638,GCF_000340785.1,565878,565878,ASM34078v1,Synechocystis sp. PCC 6803,,,,,,,,,,,,https://www.ncbi.nlm.nih.gov/Taxonomy/Browser/wwwtax.cgi?mode=Info&id=1148&lvl=3&lin=f&keep=1&srchmode=1&unlock,,,,
GCA_001318385.1,2399438,GCF_001318385.1,2844448,2844448,ASM131838v1,Synechocystis sp. PCC 6803,,,,,,,,,,,,https://www.ncbi.nlm.nih.gov/Taxonomy/Browser/wwwtax.cgi?mode=Info&id=1148&lvl=3&lin=f&keep=1&srchmode=1&unlock,,,,
GCA_000317085.1,502928,GCF_000317085.1,517098,517098,ASM31708v1,Synechococcus sp. PCC 7502,,,,,,Switzerland,sphagnum bog,bog,,,1972,https://www.ncbi.nlm.nih.gov/Taxonomy/Browser/wwwtax.cgi?mode=Info&id=1173263&lvl=3&lin=f&keep=1&srchmode=1&unlock,https://www.pnas.org/content/110/3/1053.long,https://biocyc.org/organism-summary?object=GCF_000317085,https://gold.jgi.doe.gov/organism?id=Go0003542,
GCA_000478825.2,1164598,GCF_000478825.2,1494638,1494638,ASM47882v2,Synechocystis sp. PCC 6714,,,,,,USA,,unialgal culture in lake water,,,,https://www.ncbi.nlm.nih.gov/Taxonomy/Browser/wwwtax.cgi?mode=Info&id=1147&lvl=3&lin=f&keep=1&srchmode=1&unlock,https://www.ncbi.nlm.nih.gov/pmc/articles/PMC4118070/,https://gold.jgi.doe.gov/organism?id=Go0071041,,
GCA_015840335.1,23654088,GCF_015840335.1,23748088,23748088,ASM1584033v1,Synechococcus sp. CBW1108,,,,,,,,,,,,https://www.ncbi.nlm.nih.gov/Taxonomy/Browser/wwwtax.cgi?mode=Info&id=1353147&lvl=3&lin=f&keep=1&srchmode=1&unlock,,,,
GCA_015841355.1,23655148,GCF_015841355.1,23749148,23749148,ASM1584135v1,Synechococcus sp. CBW1107,,,,,,,,,,,,https://www.ncbi.nlm.nih.gov/Taxonomy/Browser/wwwtax.cgi?mode=Info&id=2789857&lvl=3&lin=f&keep=1&srchmode=1&unlock,,,,
GCA_001693275.1,3359358,GCF_001693275.1,3362568,3362568,ASM169327v1,Synechococcus sp. PCC 7117,,,,,,USA,university park,,,,2010,https://www.ncbi.nlm.nih.gov/Taxonomy/Browser/wwwtax.cgi?mode=Info&id=195498&lvl=3&lin=f&keep=1&srchmode=1&unlock,https://img.jgi.doe.gov/cgi-bin/m/main.cgi?section=TaxonDetail&page=taxonDetail&taxon_oid=2504643001,,,
GCA_001693295.1,3359378,GCF_001693295.1,3362628,3362628,ASM169329v1,Synechococcus sp. PCC 8807,,,,,,USA,university park,pelagic marine,,,2010,https://www.ncbi.nlm.nih.gov/Taxonomy/Browser/wwwtax.cgi?mode=Info&id=195248&lvl=3&lin=f&keep=1&srchmode=1&unlock,,,,
GCA_001693255.1,3359328,GCF_001693255.1,3362608,3362608,ASM169325v1,Synechococcus sp. PCC 7003,,,,,,USA,university park,,,,2010,https://www.ncbi.nlm.nih.gov/Taxonomy/Browser/wwwtax.cgi?mode=Info&id=374981&lvl=3&lin=f&keep=1&srchmode=1&unlock,,,,
GCA_000013225.1,14028,GCF_000013225.1,34328,34328,ASM1322v1,Synechococcus sp. JA-2-3B'a(2-13),,,,x_hot,,"USA, Wyoming",Octopus Spring Yellowstone National Park,Top 2mm of microbial mat samples from Octopus Spring Yellowstone National Park,,,,https://www.ncbi.nlm.nih.gov/Taxonomy/Browser/wwwtax.cgi?mode=Info&id=321332&lvl=3&lin=f&keep=1&srchmode=1&unlock,https://www.nature.com/articles/ismej200746,https://biocyc.org/organism-summary?object=SSP321332,https://gold.jgi.doe.gov/organism?id=Go0000393,
GCA_001521855.1,2798648,GCF_001521855.1,3140608,3140608,ASM152185v1,Synechococcus sp. PCC 73109,,,,,,USA,university park,pelagic marine,,,2010,https://www.ncbi.nlm.nih.gov/Taxonomy/Browser/wwwtax.cgi?mode=Info&id=374982&lvl=3&lin=f&keep=1&srchmode=1&unlock,,,,
GCA_900088535.1,4534018,GCF_900088535.1,4538928,4538928,ASM90008853v1,Cyanobium sp. NIES-981,,,,,,,,,,,,https://www.ncbi.nlm.nih.gov/Taxonomy/Browser/wwwtax.cgi?mode=Info&id=1851505&lvl=3&lin=f&keep=1&srchmode=1&unlock,https://mra.asm.org/content/4/4/e00736-16,,,
GCA_003574135.1,7458208,GCF_003574135.1,7466618,7466618,ASM357413v1,cyanobacterium endosymbiont of Rhopalodia gibberula,,,,,,Japan,Namiki Park,primary_g_Stool,,36.06544 N 140.14227 E,,https://www.ncbi.nlm.nih.gov/Taxonomy/Browser/wwwtax.cgi?mode=Info&id=1763363&lvl=3&lin=f&keep=1&srchmode=1&unlock,,,,
GCA_000019485.1,20288,GCF_000019485.1,40528,40528,ASM1948v1,Synechococcus sp. PCC 7002,,,,,,Puerto Rico,the fish pens from Magueyes Island,"mud, host",,,1961,https://www.ncbi.nlm.nih.gov/Taxonomy/Browser/wwwtax.cgi?mode=Info&id=32049&lvl=3&lin=f&keep=1&srchmode=1&unlock,https://gold.jgi.doe.gov/organism?id=Go0002091,,,
GCA_008807075.1,14216408,GCF_008807075.1,14242198,14242198,ASM880707v1,Synechococcus sp. RSCCF101,,,,,,Saudi Arabia: Red Sea,Saudi Arabia: Red Sea,water,,"20.33, 38.85",,https://www.ncbi.nlm.nih.gov/Taxonomy/Browser/wwwtax.cgi?mode=Info&id=2511069&lvl=3&lin=f&keep=1&srchmode=1&unlock,https://img.jgi.doe.gov/cgi-bin/m/main.cgi?section=TaxonDetail&page=taxonDetail&taxon_oid=2883207248,,,
GCA_000013205.1,14008,GCF_000013205.1,34308,34308,ASM1320v1,Synechococcus sp. JA-3-3Ab,,,,x_hot,,"USA, Wyoming",Octopus Spring effluent channe,"top 2mm of microbial mat from collected Octopus Spring effluent channel, Yellowstone National Park",51-61 deg C temperature,,,https://www.ncbi.nlm.nih.gov/Taxonomy/Browser/wwwtax.cgi?mode=Info&id=321327&lvl=3&lin=f&keep=1&srchmode=1&unlock,https://www.nature.com/articles/ismej200746,https://biocyc.org/organism-summary?object=SSP321327,https://gold.jgi.doe.gov/organism?id=Go0000394,
GCA_014279655.1,21757888,GCF_014279655.1,21776848,21776848,ASM1427965v1,Synechococcus sp. ROS8604,,,,,,,,,,,,https://www.ncbi.nlm.nih.gov/Taxonomy/Browser/wwwtax.cgi?mode=Info&id=1442557&lvl=3&lin=f&keep=1&srchmode=1&unlock,,,,
GCA_002356215.1,5089088,GCF_002356215.1,5108588,5108588,ASM235621v1,Synechococcus sp. NIES-970,,,,,,japan,"Kagoshima, Tokunoshima Island, Rikuhama beach",,,,,https://www.ncbi.nlm.nih.gov/Taxonomy/Browser/wwwtax.cgi?mode=Info&id=1827144&lvl=3&lin=f&keep=1&srchmode=1&unlock,https://gold.jgi.doe.gov/organism?id=Go0406839,https://img.jgi.doe.gov/genome.php?id=2775507027,,
GCA_000829235.1,1505018,GCF_000829235.1,1648198,1648198,ASM82923v1,cyanobacterium endosymbiont of Epithemia turgida isolate EtSB Lake Yunoko,,,,,,japan,Lake Yunoko,"Epithemia turgida, host",,,,https://www.ncbi.nlm.nih.gov/Taxonomy/Browser/wwwtax.cgi?mode=Info&id=1228987&lvl=3&lin=f&keep=1&srchmode=1&unlock,https://www.pnas.org/content/111/31/11407.long,,,
GCA_000179235.2,9504198,GCF_000179235.2,9725978,9725978,ASM17923v2,Synechococcus sp. CB0101,,,,,,"USA, Chesapeake Bay",,marine,,"37.464527, -76.145368",,https://www.ncbi.nlm.nih.gov/Taxonomy/Browser/wwwtax.cgi?mode=Info&id=232348&lvl=3&lin=f&keep=1&srchmode=1&unlock,https://mra.asm.org/content/8/35/e00484-19,https://www.ncbi.nlm.nih.gov/pmc/articles/PMC3886946/,https://biocyc.org/organism-summary?object=GCF_000179235,https://gold.jgi.doe.gov/organism?id=Go0004214
GCA_000737535.1,1183638,GCF_000737535.1,1512648,1512648,ASM73753v1,Synechococcus sp. KORDI-100,,,,,,Pacific Ocean,,seawater,,"9.265833, 158.401666",2007,https://www.ncbi.nlm.nih.gov/Taxonomy/Browser/wwwtax.cgi?mode=Info&id=1280380&lvl=3&lin=f&keep=1&srchmode=1&unlock,https://biocyc.org/organism-summary?object=GCF_000737535,https://gold.jgi.doe.gov/organism?id=Go0012341,,
GCA_003957805.1,8110058,GCF_003957805.1,8136778,8136778,ASM395780v1,Synechococcus elongatus UTEX 3055,,,,,,,,,,,,https://www.ncbi.nlm.nih.gov/Taxonomy/Browser/wwwtax.cgi?mode=Info&id=2479200&lvl=3&lin=f&keep=1&srchmode=1&unlock,,,,
GCA_001885215.1,3742168,GCF_001885215.1,3742828,3742828,ASM188521v1,Synechococcus sp. SynAce01,,,,x_cold,,Antarctica,"Ace Lake, Vestfold Hills",,,"negative 68.27, 78.12",,https://www.ncbi.nlm.nih.gov/Taxonomy/Browser/wwwtax.cgi?mode=Info&id=1916956&lvl=3&lin=f&keep=1&srchmode=1&unlock,https://gold.jgi.doe.gov/organisms?setColumns=yes&Organism.NCBI+Taxonomy+ID=%3DGo0364460,https://img.jgi.doe.gov/cgi-bin/m/main.cgi?section=TaxonDetail&page=taxonDetail&taxon_oid=2718218441,,
GCA_014280235.1,21758468,GCF_014280235.1,21779248,21779248,ASM1428023v1,Cyanobium sp. NS01,,,,,,,,,,,,https://www.ncbi.nlm.nih.gov/Taxonomy/Browser/wwwtax.cgi?mode=Info&id=261284&lvl=3&lin=f&keep=1&srchmode=1&unlock,,,,
GCA_014279555.1,21757788,GCF_014279555.1,21776528,21776528,ASM1427955v1,Synechococcus sp. SYN20,,,,,,,,,,,,https://www.ncbi.nlm.nih.gov/Taxonomy/Browser/wwwtax.cgi?mode=Info&id=1050714&lvl=3&lin=f&keep=1&srchmode=1&unlock,,,,
GCA_014279975.1,21758208,GCF_014279975.1,21776038,21776038,ASM1427997v1,Synechococcus sp. BIOS-U3-1,,,,,,,,,,,,https://www.ncbi.nlm.nih.gov/Taxonomy/Browser/wwwtax.cgi?mode=Info&id=1400865&lvl=3&lin=f&keep=1&srchmode=1&unlock,,,,
GCA_000817325.1,1475468,GCF_000817325.1,1489788,1489788,ASM81732v1,Synechococcus sp. UTEX 2973,,,,,,,,,,,,https://www.ncbi.nlm.nih.gov/Taxonomy/Browser/wwwtax.cgi?mode=Info&id=1350461&lvl=3&lin=f&keep=1&srchmode=1&unlock,http://biocyc.org/organism-summary?object=GCF_000817325,https://gold.jgi.doe.gov/organism?id=Go0076019,https://img.jgi.doe.gov/genome.php?id=2630968581,
GCA_003555505.2,21089378,GCF_003555505.1,21388638,21388638,ASM355550v2,Thermosynechococcus elongatus PKUAC-SCTE542,,,,,,China,Ganzi Prefecture of western Sichuan Province,,,,,https://www.ncbi.nlm.nih.gov/Taxonomy/Browser/wwwtax.cgi?mode=Info&id=2016101&lvl=3&lin=f&keep=1&srchmode=1&unlock,,,,
GCA_008386235.1,13721988,GCF_008386235.1,13845738,13845738,ASM838623v1,Thermosynechococcus sp. CL-1,,,,x_hot,,Taiwan,"Chin-Lun hot spring, Taimali, Taitung",hot spring,,,,https://www.ncbi.nlm.nih.gov/Taxonomy/Browser/wwwtax.cgi?mode=Info&id=2583530&lvl=3&lin=f&keep=1&srchmode=1&unlock,https://www.frontiersin.org/articles/10.3389/fmicb.2020.00082/full,https://img.jgi.doe.gov/cgi-bin/m/main.cgi?section=TaxonDetail&page=taxonDetail&taxon_oid=2883178793,,
GCA_004209775.1,8546158,GCF_004209775.1,8558978,8558978,ASM420977v1,Synechococcus sp. WH 8101,,,,,,"USA Woods Hole, MA","Woods Hole, MA",coastal seawater,,,1981-12-31/1980-12-31,https://www.ncbi.nlm.nih.gov/Taxonomy/Browser/wwwtax.cgi?mode=Info&id=59932&lvl=3&lin=f&keep=1&srchmode=1&unlock,https://mra.asm.org/content/9/8/e01593-19,https://img.jgi.doe.gov/cgi-bin/m/main.cgi?section=TaxonDetail&page=taxonDetail&taxon_oid=2837243552,https://biocyc.org/organism-summary?object=GCF_004209775,
GCA_014304795.1,21789218,GCF_014304795.1,21816138,21816138,ASM1430479v1,Synechococcus sp. WH 8101,,,,,,,,,,,,"same organism as above, different accession #",,,,
GCA_014280115.1,21758388,GCF_014280115.1,21776428,21776428,ASM1428011v1,Synechococcus sp. A15-44,,,,,,,,,,,,https://www.ncbi.nlm.nih.gov/Taxonomy/Browser/wwwtax.cgi?mode=Info&id=1050646&lvl=3&lin=f&keep=1&srchmode=1&unlock,,,,
GCA_000014585.1,15388,GCF_000014585.1,35688,35688,ASM1458v1,Synechococcus sp. CC9311,,,,,,California coast,"Oligotrophic edge of the California Current, CalCOFI cruise 93204, station 83.110",edge of California current after nitrate enrichment and low light incubation,,"31.9001, -124.1668",1993,https://www.ncbi.nlm.nih.gov/Taxonomy/Browser/wwwtax.cgi?mode=Info&id=64471&lvl=3&lin=f&keep=1&srchmode=1&unlock,https://www.pnas.org/content/103/36/13555.long,http://biocyc.org/organism-summary?object=GCF_000014585,https://gold.jgi.doe.gov/organism?id=Go0000310,
GCA_014279595.1,21757828,GCF_014279595.1,21777848,21777848,ASM1427959v1,Synechococcus sp. RS9909,,,,,,,,,,,,https://www.ncbi.nlm.nih.gov/Taxonomy/Browser/wwwtax.cgi?mode=Info&id=221352&lvl=3&lin=f&keep=1&srchmode=1&unlock,,,,
GCA_014279955.1,21758188,GCF_014279955.1,21775698,21775698,ASM1427995v1,Synechococcus sp. BMK-MC-1,,,,,,,,,,,,https://www.ncbi.nlm.nih.gov/Taxonomy/Browser/wwwtax.cgi?mode=Info&id=1442551&lvl=3&lin=f&keep=1&srchmode=1&unlock,,,,
GCA_000737575.1,1183678,GCF_000737575.1,1640658,1640658,ASM73757v1,Synechococcus sp. KORDI-49,,,,x_cold,,South Korea,"Pacific Ocean, East China Sea","seawater, 20 M depth",3.446,"32.5, 126",2004,https://www.ncbi.nlm.nih.gov/Taxonomy/Browser/wwwtax.cgi?mode=Info&id=585423&lvl=3&lin=f&keep=1&srchmode=1&unlock,https://biocyc.org/organism-summary?object=GCF_000737575,https://gold.jgi.doe.gov/organism?id=Go0012237,,
GCA_014279615.1,21757848,GCF_014279615.1,22064398,22064398,ASM1427961v1,Synechococcus sp. RS9907,,,,,,,,,,,,https://www.ncbi.nlm.nih.gov/Taxonomy/Browser/wwwtax.cgi?mode=Info&id=221350&lvl=3&lin=f&keep=1&srchmode=1&unlock,,,,
GCA_014279755.1,21757988,GCF_014279755.1,21777248,21777248,ASM1427975v1,Synechococcus sp. PROS-U-1,,,,,,,,,,,,https://www.ncbi.nlm.nih.gov/Taxonomy/Browser/wwwtax.cgi?mode=Info&id=1400866&lvl=3&lin=f&keep=1&srchmode=1&unlock,,,,
GCA_000737595.1,1183698,GCF_000737595.1,1512668,1512668,ASM73759v1,Synechococcus sp. KORDI-52,,,,,,South Korea,"Pacific Ocean, East China Sea","seawater, 30 m depth",14.5,"32, 126.75",2005,https://www.ncbi.nlm.nih.gov/Taxonomy/Browser/wwwtax.cgi?mode=Info&id=585425&lvl=3&lin=f&keep=1&srchmode=1&unlock,http://biocyc.org/organism-summary?object=GCF_000737595,https://gold.jgi.doe.gov/organism?id=Go0012340,https://img.jgi.doe.gov/genome.php?id=2507262012,
GCA_014279795.1,21758028,GCF_014279795.1,21777888,21777888,ASM1427979v1,Synechococcus sp. PROS-7-1,,,,,,,,,,,,https://www.ncbi.nlm.nih.gov/Taxonomy/Browser/wwwtax.cgi?mode=Info&id=1442556&lvl=3&lin=f&keep=1&srchmode=1&unlock,,,,
GCA_014279815.1,21758048,GCF_014279815.1,21775858,21775858,ASM1427981v1,Synechococcus sp. NOUM97013,,,,,,,,,,,,https://www.ncbi.nlm.nih.gov/Taxonomy/Browser/wwwtax.cgi?mode=Info&id=1442555&lvl=3&lin=f&keep=1&srchmode=1&unlock,,,,
GCA_014280215.1,21758448,GCF_014280215.1,21775918,21775918,ASM1428021v1,Synechococcus sp. A15-127,,,,,,,,,,,,https://www.ncbi.nlm.nih.gov/Taxonomy/Browser/wwwtax.cgi?mode=Info&id=1050624&lvl=3&lin=f&keep=1&srchmode=1&unlock,,,,
GCA_014280095.1,21758328,GCF_014280095.1,21776178,21776178,ASM1428009v1,Synechococcus sp. A15-60,,,,,,,,,,,,https://www.ncbi.nlm.nih.gov/Taxonomy/Browser/wwwtax.cgi?mode=Info&id=1050655&lvl=3&lin=f&keep=1&srchmode=1&unlock,,,,
GCA_014280035.1,21758268,GCF_014280035.1,21775678,21775678,ASM1428003v1,Synechococcus sp. A18-25c,,,,,,,,,,,,https://www.ncbi.nlm.nih.gov/Taxonomy/Browser/wwwtax.cgi?mode=Info&id=1866938&lvl=3&lin=f&keep=1&srchmode=1&unlock,,,,
GCA_000012625.1,13428,GCF_000012625.1,33728,33728,ASM1262v1,Synechococcus sp. CC9605,,,,,,"california coast, USA",,"51 m depth from the Eastern Pacific Ocean in 1996, California coast",,,1996,https://www.ncbi.nlm.nih.gov/Taxonomy/Browser/wwwtax.cgi?mode=Info&id=110662&lvl=3&lin=f&keep=1&srchmode=1&unlock,http://biocyc.org/organism-summary?object=GCF_000012625,https://gold.jgi.doe.gov/organism?id=Go0000430,,
GCA_014279635.1,21757868,GCF_014279635.1,21776328,21776328,ASM1427963v1,Synechococcus sp. RS9902,,,,,,,,,,,,https://www.ncbi.nlm.nih.gov/Taxonomy/Browser/wwwtax.cgi?mode=Info&id=221345&lvl=3&lin=f&keep=1&srchmode=1&unlock,,,,
GCA_014280015.1,21758248,GCF_014280015.1,21775878,21775878,ASM1428001v1,Synechococcus sp. A18-46.1,,,,,,,,,,,,https://www.ncbi.nlm.nih.gov/Taxonomy/Browser/wwwtax.cgi?mode=Info&id=1866940&lvl=3&lin=f&keep=1&srchmode=1&unlock,,,,
GCA_014279835.1,21758068,GCF_014279835.1,21777608,21777608,ASM1427983v1,Synechococcus sp. MVIR-18-1,,,,,,,,,,,,https://www.ncbi.nlm.nih.gov/Taxonomy/Browser/wwwtax.cgi?mode=Info&id=1386941&lvl=3&lin=f&keep=1&srchmode=1&unlock,,,,
GCA_014279875.1,21758108,GCF_014279875.1,21777528,21777528,ASM1427987v1,Synechococcus sp. MEDNS5,,,,,,,,,,,,https://www.ncbi.nlm.nih.gov/Taxonomy/Browser/wwwtax.cgi?mode=Info&id=1442554&lvl=3&lin=f&keep=1&srchmode=1&unlock,,,,
GCA_000195975.1,256798,GCF_000195975.1,264438,264438,ASM19597v1,Synechococcus sp. WH 8102,,,,,,"Atlantic Ocean, Sargasso Sea from Oceanus cruise 92",Tropical Atlantic Ocean,"marine, aquatic",,"22.495, -65.6",1981,https://www.ncbi.nlm.nih.gov/Taxonomy/Browser/wwwtax.cgi?mode=Info&id=84588&lvl=3&lin=f&keep=1&srchmode=1&unlock,https://pubmed.ncbi.nlm.nih.gov/12917641/,https://gold.jgi.doe.gov/organism?id=Go0000622,,
GCA_001182765.1,1999818,GCF_001182765.1,2029648,2029648,WH8103.1,Synechococcus sp. WH 8103,,,,,,,,,,,,https://www.ncbi.nlm.nih.gov/Taxonomy/Browser/wwwtax.cgi?mode=Info&id=29410&lvl=3&lin=f&keep=1&srchmode=1&unlock,https://gold.jgi.doe.gov/organism?id=Go0140092,https://img.jgi.doe.gov/genome.php?id=2687453380,,
GCA_014304815.1,21789238,GCF_014304815.1,21815298,21815298,ASM1430481v1,Synechococcus sp. MIT S9220,,,,,,,,Tropical Atlantic at a depth of 105m,,"0, -140",,https://www.ncbi.nlm.nih.gov/Taxonomy/Browser/wwwtax.cgi?mode=Info&id=166309&lvl=3&lin=f&keep=1&srchmode=1&unlock,https://gold.jgi.doe.gov/organism?id=Go0002096,,,
GCA_014217875.1,21627708,GCF_014217875.1,21676648,21676648,ASM1421787v1,Synechococcus sp. LTW-R,,,,,,,Pearl River estuary,,,"LTW (114.129°E, 22.223°N)",2014,https://www.ncbi.nlm.nih.gov/Taxonomy/Browser/wwwtax.cgi?mode=Info&id=2751170&lvl=3&lin=f&keep=1&srchmode=1&unlock,https://msystems.asm.org/content/5/6/e00842-20,,,
GCA_000011485.1,12288,GCF_000011485.1,32608,32608,ASM1148v1,Prochlorococcus marinus str. MIT 9313,,,,,,"Gulf Stream, North Atlantic Ocean",gulf stream,"maine aquatic, 135 m",17.205,"37.083333, -68.033333",1993,https://www.ncbi.nlm.nih.gov/Taxonomy/Browser/wwwtax.cgi?mode=Info&id=74547&lvl=3&lin=f&keep=1&srchmode=1&unlock,https://pubmed.ncbi.nlm.nih.gov/12917642/,https://gold.jgi.doe.gov/organism?id=Go0000621,,
GCA_014280055.1,21758288,GCF_014280055.1,21777328,21777328,ASM1428005v1,Synechococcus sp. A18-40,,,,,,,,,,,,https://www.ncbi.nlm.nih.gov/Taxonomy/Browser/wwwtax.cgi?mode=Info&id=1866939&lvl=3&lin=f&keep=1&srchmode=1&unlock,,,,
GCA_000063505.1,354048,GCF_000063505.1,82108,82108,ASM6350v1,Synechococcus sp. WH 7803,,,,,,Atlantic ocean,"Sargasso Sea, North Atlantic",26m depth,20.653,"33.7423, -67.4913",1978,https://www.ncbi.nlm.nih.gov/Taxonomy/Browser/wwwtax.cgi?mode=Info&id=32051&lvl=3&lin=f&keep=1&srchmode=1&unlock,https://gold.jgi.doe.gov/organism?id=Go0000142,,,
GCA_014280175.1,21758408,GCF_014280175.1,21777568,21777568,ASM1428017v1,Synechococcus sp. A15-28,,,,,,,,,,,,https://www.ncbi.nlm.nih.gov/Taxonomy/Browser/wwwtax.cgi?mode=Info&id=1050638&lvl=3&lin=f&keep=1&srchmode=1&unlock,,,,
GCA_014280195.1,21758428,GCF_014280195.1,21776138,21776138,ASM1428019v1,Synechococcus sp. A15-24,,,,,,,,,,,,https://www.ncbi.nlm.nih.gov/Taxonomy/Browser/wwwtax.cgi?mode=Info&id=1050635&lvl=3&lin=f&keep=1&srchmode=1&unlock,,,,
GCA_014280075.1,21758308,GCF_014280075.1,21776078,21776078,ASM1428007v1,Synechococcus sp. A15-62,,,,,,,,,,,,https://www.ncbi.nlm.nih.gov/Taxonomy/Browser/wwwtax.cgi?mode=Info&id=1050657&lvl=3&lin=f&keep=1&srchmode=1&unlock,,,,
GCA_014279855.1,21758088,GCF_014279855.1,21776888,21776888,ASM1427985v1,Synechococcus sp. Minos11,,,,,,,,,,,,https://www.ncbi.nlm.nih.gov/Taxonomy/Browser/wwwtax.cgi?mode=Info&id=221341&lvl=3&lin=f&keep=1&srchmode=1&unlock,,,,
GCA_014279775.1,21758008,GCF_014279775.1,21776468,21776468,ASM1427977v1,Synechococcus sp. PROS-9-1,,,,,,,,,,,,https://www.ncbi.nlm.nih.gov/Taxonomy/Browser/wwwtax.cgi?mode=Info&id=1968775&lvl=3&lin=f&keep=1&srchmode=1&unlock,,,,
GCA_000012505.1,13308,GCF_000012505.1,33608,33608,ASM1250v1,Synechococcus sp. CC9902,,,,,,california current,"5 m, eastern pacific ocean",ocean,,,1999,https://www.ncbi.nlm.nih.gov/Taxonomy/Browser/wwwtax.cgi?mode=Info&id=316279&lvl=3&lin=f&keep=1&srchmode=1&unlock,https://gold.jgi.doe.gov/organism?id=Go0000432,,,
GCA_000063525.1,354028,GCF_000063525.1,82128,82128,ASM6352v1,Synechococcus sp. RCC307,,,,,,,Seawater from the Mediterranean Sea,15 m,18.958,"39.166667, 6.166667",1996,https://www.ncbi.nlm.nih.gov/Taxonomy/Browser/wwwtax.cgi?mode=Info&id=316278&lvl=3&lin=f&keep=1&srchmode=1&unlock,https://gold.jgi.doe.gov/organism?id=Go0000143,,,
GCA_014279535.1,21757768,GCF_014279535.1,21776118,21776118,ASM1427953v1,Synechococcus sp. TAK9802,,,,,,,,,,,,https://www.ncbi.nlm.nih.gov/Taxonomy/Browser/wwwtax.cgi?mode=Info&id=1442558&lvl=3&lin=f&keep=1&srchmode=1&unlock,,,,
GCA_014279895.1,21758128,GCF_014279895.1,21776788,21776788,ASM1427989v1,Synechococcus sp. M16.1,,,,,,,,,,,,https://www.ncbi.nlm.nih.gov/Taxonomy/Browser/wwwtax.cgi?mode=Info&id=1442553&lvl=3&lin=f&keep=1&srchmode=1&unlock,,,,
GCA_000161795.2,890288,GCF_000161795.2,1697018,1697018,ASM16179v2,Synechococcus sp. WH 8109,,,,,,north atlantic ocean,Sargasso Sea,,,"39.643333, -70.462",1981,https://www.ncbi.nlm.nih.gov/Taxonomy/Browser/wwwtax.cgi?mode=Info&id=166314&lvl=3&lin=f&keep=1&srchmode=1&unlock,https://gold.jgi.doe.gov/organism?id=Go0003233,,,
GCA_000757865.1,1303948,GCF_000757865.1,1514828,1514828,ASM75786v1,Prochlorococcus sp. MIT 0801,,,,,,Atlantic Ocean,Sargasso sea,"40 m depth from the Sargasso Sea, North Atlantic Ocean in March 2008. Low light adapted (LL)",19.448,"32.116666, -64.283333",,https://www.ncbi.nlm.nih.gov/Taxonomy/Browser/wwwtax.cgi?mode=Info&id=1501269&lvl=3&lin=f&keep=1&srchmode=1&unlock,http://biocyc.org/organism-summary?object=GCF_000757865,https://img.jgi.doe.gov/cgi-bin/m/main.cgi?section=TaxonDetail&page=taxonDetail&taxon_oid=2606217560,,
GCA_000015685.1,16488,GCF_000015685.1,36788,36788,ASM1568v1,Prochlorococcus marinus str. NATL1A,,,,,,atlantic ocean,north atlantic ocean,30 m depth,17.125,"37.06667, 40",1990,https://www.ncbi.nlm.nih.gov/Taxonomy/Browser/wwwtax.cgi?mode=Info&id=167555&lvl=3&lin=f&keep=1&srchmode=1&unlock,https://journals.plos.org/plosgenetics/article?id=10.1371/journal.pgen.0030231,http://biocyc.org/organism-summary?object=PMAR167555,https://gold.jgi.doe.gov/organism?id=Go0000214,
GCA_000012465.1,13268,GCF_000012465.1,33568,33568,ASM1246v1,Prochlorococcus marinus str. NATL2A,,,,,,atlantic ocean,north atlantic ocean,10 m,17.281,"37.066666, -40",1990,https://www.ncbi.nlm.nih.gov/Taxonomy/Browser/wwwtax.cgi?mode=Info&id=59920&lvl=3&lin=f&keep=1&srchmode=1&unlock,https://journals.plos.org/plosgenetics/article?id=10.1371/journal.pgen.0030231,http://biocyc.org/organism-summary?object=GCF_000012465,https://gold.jgi.doe.gov/organism?id=Go0000455,
GCA_000757845.1,1303928,GCF_000757845.1,1576398,1576398,ASM75784v1,Prochlorococcus sp. MIT 0604,,,,,,Station ALOHA/ North Pacific,,125 m depth,22.06,"22.75, -158",2006,https://www.ncbi.nlm.nih.gov/Taxonomy/Browser/wwwtax.cgi?mode=Info&id=1501268&lvl=3&lin=f&keep=1&srchmode=1&unlock,https://www.nature.com/articles/sdata201434,http://biocyc.org/organism-summary?object=GCF_000757845,https://img.jgi.doe.gov/cgi-bin/m/main.cgi?section=TaxonDetail&page=taxonDetail&taxon_oid=2606217688,
GCA_000018065.1,18868,GCF_000018065.1,39168,39168,ASM1806v1,Prochlorococcus marinus str. MIT 9215,,,,,,Equatorial Pacific,,5 m,26.489,"0, -140",1992,https://www.ncbi.nlm.nih.gov/Taxonomy/Browser/wwwtax.cgi?mode=Info&id=93060&lvl=3&lin=f&keep=1&srchmode=1&unlock,https://journals.plos.org/plosgenetics/article?id=10.1371/journal.pgen.0030231,http://biocyc.org/organism-summary?object=PMAR93060,https://gold.jgi.doe.gov/organism?id=Go0000049,
GCA_000012645.1,13448,GCF_000012645.1,33748,33748,ASM1264v1,Prochlorococcus marinus str. MIT 9312,,,,,,north atlantic,Gulf Stream of North Atlantic Ocean,135 m,17.205,"37.513333, -68.24",1993,https://www.ncbi.nlm.nih.gov/Taxonomy/Browser/wwwtax.cgi?mode=Info&id=74546&lvl=3&lin=f&keep=1&srchmode=1&unlock,http://biocyc.org/organism-summary?object=PMAR74546,https://gold.jgi.doe.gov/organism?id=Go0000425,,
GCA_000015665.1,16468,GCF_000015665.1,36768,36768,ASM1566v1,Prochlorococcus marinus str. MIT 9515,,,,,,Pacific ocean,Equatorial Pacific,"Equatorial Pacific, Surface waters, 15 m",25.547,"negative 5.11667, -107.01667",1995,https://www.ncbi.nlm.nih.gov/Taxonomy/Browser/wwwtax.cgi?mode=Info&id=167542&lvl=3&lin=f&keep=1&srchmode=1&unlock,https://journals.plos.org/plosgenetics/article?id=10.1371/journal.pgen.0030231,http://biocyc.org/organism-summary?object=PMAR167542,https://gold.jgi.doe.gov/organism?id=Go0000217,
GCA_000015645.1,16448,GCF_000015645.1,36748,36748,ASM1564v1,Prochlorococcus marinus str. AS9601,,,,,,Arabian Sea,arabian sea,50 m,24.269,"neg 19, 67",1995,https://www.ncbi.nlm.nih.gov/Taxonomy/Browser/wwwtax.cgi?mode=Info&id=146891&lvl=3&lin=f&keep=1&srchmode=1&unlock,https://journals.plos.org/plosgenetics/article?id=10.1371/journal.pgen.0030231,http://biocyc.org/organism-summary?object=PMAR146891,https://gold.jgi.doe.gov/organism?id=Go0000216,
GCA_000011465.1,12268,GCF_000011465.1,32588,32588,ASM1146v1,Prochlorococcus marinus subsp. pastoris str. CCMP1986,,,,,,Mediterranean Sea,Mediterranean Sea,5 m,13.4,"43.2, 6.866667",1989,https://www.ncbi.nlm.nih.gov/Taxonomy/Browser/wwwtax.cgi?mode=Info&id=59919&lvl=3&lin=f&keep=1&srchmode=1&unlock,https://pubmed.ncbi.nlm.nih.gov/12917642/,https://gold.jgi.doe.gov/organism?id=Go0000620,,
GCA_000015965.1,16768,GCF_000015965.1,37068,37068,ASM1596v1,Prochlorococcus marinus str. MIT 9301,,,,,,"Sargasso Sea, north atlantic",,90 m,20.541,"34.751389, -66.183611",1993,https://www.ncbi.nlm.nih.gov/Taxonomy/Browser/wwwtax.cgi?mode=Info&id=167546&lvl=3&lin=f&keep=1&srchmode=1&unlock,https://journals.plos.org/plosgenetics/article?id=10.1371/journal.pgen.0030231,http://biocyc.org/organism-summary?object=GCF_000015965,https://gold.jgi.doe.gov/organism?id=Go0000190,
GCA_000025125.1,25928,GCF_000025125.1,108068,108068,ASM2512v1,Candidatus Atelocyanobacterium thalassa isolate ALOHA,,,,,,north pacific ocean,"100 km north of Oahu, Hawaii",15 m,,"23.005, -157.989",2008,https://www.ncbi.nlm.nih.gov/Taxonomy/Browser/wwwtax.cgi?mode=Info&id=1453429&lvl=3&lin=f&keep=1&srchmode=1&unlock,https://www.nature.com/articles/nature08786,https://science.sciencemag.org/content/322/5904/1110.long,http://biocyc.org/organism-summary?object=CATE713887,https://gold.jgi.doe.gov/organism?id=Go0005947
GCA_002163975.1,4545678,GCF_002163975.1,4549248,4549248,ASM216397v1,Nostocales cyanobacterium HT-58-2,,,,,,Micronesia,,"Nan Madol, Pohnpei soil",,,1988,https://www.ncbi.nlm.nih.gov/Taxonomy/Browser/wwwtax.cgi?mode=Info&id=1940762&lvl=3&lin=f&keep=1&srchmode=1&unlock,https://aem.asm.org/content/83/19/e01068-17.long,http://biocyc.org/organism-summary?object=GCF_002163975,https://gold.jgi.doe.gov/organism?id=Go0396206,
GCA_000317655.1,504388,GCF_000317655.1,504518,504518,ASM31765v1,Cyanobacterium stanieri PCC 7202,,,,x_hot,,Chad,alkaline pod,"thermal springs, aquatic",,,1963,https://www.ncbi.nlm.nih.gov/Taxonomy/Browser/wwwtax.cgi?mode=Info&id=292563&lvl=3&lin=f&keep=1&srchmode=1&unlock,https://www.pnas.org/content/110/3/1053.long,http://biocyc.org/organism-summary?object=CSTA292563,https://gold.jgi.doe.gov/organism?id=Go0004864,
GCA_002813895.1,5716198,N/A,N/A,1460841,ASM281389v1,Cyanobacterium sp. HL-69,,,,,,,,,,,2012,https://www.ncbi.nlm.nih.gov/Taxonomy/Browser/wwwtax.cgi?mode=Info&id=2054282&lvl=3&lin=f&keep=1&srchmode=1&unlock,https://mra.asm.org/content/6/6/e01583-17.abstract,https://gold.jgi.doe.gov/organism?id=Go0415757,,
GCA_000015705.1,16508,GCF_000015705.1,36808,36808,ASM1570v1,Prochlorococcus marinus str. MIT 9303,,,,,,Atlantic ocean,Sargasso Sea,100 m,20.248,"34.75139, -66.18361",1993,https://www.ncbi.nlm.nih.gov/Taxonomy/Browser/wwwtax.cgi?mode=Info&id=59922&lvl=3&lin=f&keep=1&srchmode=1&unlock,https://journals.plos.org/plosgenetics/article?id=10.1371/journal.pgen.0030231,http://biocyc.org/organism-summary?object=PMAR59922,https://gold.jgi.doe.gov/organism?id=Go0000215,
,,,,,,,,,,,,,,,,,,,,,,
,,,,,,,,,,,,hot,,,,,,,,,,
hot,,,,,,,,,,,,cold,,,,,,,,,,
cold,,,,,,,,,,,,ocean,,,,,,,,,,
ocean,,,,,,,,,,,,filamentous,,,,,,,,,,
filamentous,,,,,,,,,,,,,,,,,,,,,,